{"cameraMode":{"drawMode":0,"name":"Shaded","section":"Shading Mode"},"sceneLighting":true,"audioPlay":false,"sceneViewState":{"showFog":true,"showMaterialUpdate":false,"showSkybox":true,"showFlares":true,"showImageEffects":true,"showParticleSystems":true},"in2DMode":false,"pivot":{"x":22.901874542236329,"y":22.52588653564453,"z":-187.6214599609375},"rotation":{"x":0.1596004068851471,"y":-0.6519665122032166,"z":0.14306402206420899,"w":0.7273240089416504},"size":38.69392776489258,"orthographic":false}