{"cameraMode":{"drawMode":0,"name":"Shaded","section":"Shading Mode"},"sceneLighting":false,"audioPlay":false,"sceneViewState":{"showFog":true,"showMaterialUpdate":false,"showSkybox":false,"showFlares":true,"showImageEffects":true,"showParticleSystems":true},"in2DMode":false,"pivot":{"x":-7.2681565284729,"y":3.1325807571411135,"z":-31.40167808532715},"rotation":{"x":0.19170714914798737,"y":0.0005783797241747379,"z":-0.00011300307960482314,"w":0.9814519882202148},"size":21.813501358032228,"orthographic":false}